"ORF","length","possible_reads","found_reads","frequency"
"cob",1107,18149,1560,0.0859551490440245
"coxI",1476,12099,1337,0.110505000413257
"coxIII",735,28503,1463,0.0513279303932919
